woul,DomesticRevenue,Genre,InternationalRevenue,MovieBudget,Nominated,RottenTomatoesAudience,RottenTomatoesCritics,Studio,Title
Sam_Mendes,130000000,Drama,226000000,15000000,Y,0.9,0.88,Dreamworks,American_Beauty
JJ_Abrams,229000000,Action_-_Adventure,239000000,190000000,N,0.9,0.87,Paramount,Star_Trek_Into_Darkness
Joseph_Gordon-Levitt,24500000,Comedy_-_Musical,5973000,6000000,N,0.63,0.81,Relativity,Don_Jon
David_S._Goyer,52400000,Thriller_-_Horror,76500000,65000000,N,0.7,0.26,New_Line,Blade:_Trinity
Jonathan_Levine,35000000,Drama,4173591,8000000,N,0.89,0.93,Summit_Entertainment,50-50
Bob_Spiers,18300000,Comedy_-_Musical,0,0,N,0.3,0.13,Buena_Vista,That_Darn_Cat
Dennis_Dugan,31500000,Drama,0,0,N,0.54,0.14,Sony,Beverly_Hills_Ninja
Marc_Lawrence,93400000,Drama,106000000,60000000,N,0.63,0.42,WB,Two_Weeks_Notice
Chris_Gorak,21400000,Thriller_-_Horror,43200000,30000000,N,0.25,0.12,Summit_Entertainment,The_Darkest_Hour
Nathan_Greno,201000000,Family_-_Animation,390000000,260000000,N,0.87,0.9,Buena_Vista,Tangled
Rob_Reiner,27100000,Drama,31800000,50000000,N,0.56,0.28,Universal,The_Story_of_Us
Michael_Hoffman,14100000,Family_-_Animation,2199698,12500000,N,0.65,0.5,Universal,The_Emperors_Club
Stephen_J._Anderson,26700000,Family_-_Animation,6460000,30000000,N,0.78,0.91,Buena_Vista,Winnie_the_Pooh
Michael_Katleman,10600000,Thriller_-_Horror,4693543,0,N,0.35,0.19,Buena_Vista,Primeval
Deborah_Kaplan,25600000,Action_-_Adventure,0,0,N,0.59,0.44,Sony,Cant_Hardly_Wait
Steven_Quale,42600000,Thriller_-_Horror,115000000,40000000,N,0.52,0.61,WB,Final_Destination_5
John_Hamburg,88100000,Comedy_-_Musical,83900000,42000000,N,0.54,0.25,Universal,Along_Came_Polly
D.J._Caruso,23000000,Thriller_-_Horror,7535130,35000000,N,0.5,0.21,Universal,Two_for_the_Money
Robert_Rodriguez,8008000,Action_-_Adventure,7000000,12000000,N,0.4,0.29,Open_Road_Films,Machete_Kills
Stephen_Daldry,31800000,Drama,16000000,40000000,Y,0.61,0.47,WB,Extremely_Loud_and_Incredibly_Close
Lasse_Hallstr”m,71500000,Action_-_Adventure,81200000,25000000,Y,0.82,0.63,Miramax,Chocolat
Alexander_Payne,71500000,Comedy_-_Musical,38200000,16000000,Y,0.77,0.96,Fox,Sideways
Ron_Howard,48500000,Comedy_-_Musical,21200000,70000000,N,0.31,0.24,Universal,The_Dilemma
Colin_and_Greg_Strause,41800000,Thriller_-_Horror,87100000,0,N,0.37,0.12,Fox,Aliens_Vs._Predator_-_Requiem
Paul_Verhoeven,73200000,Comedy_-_Musical,117000000,95000000,N,0.35,0.27,Sony,Hollow_Man
Mark_Waters,86100000,Comedy_-_Musical,43000000,17000000,N,0.66,0.83,Paramount,Mean_Girls
Michael_Mann,29100000,Thriller_-_Horror,31200000,90000000,Y,0.87,0.96,Buena_Vista,The_Insider
Danny_Boyle,18300000,Drama,42400000,18000000,Y,0.84,0.93,Fox,127_Hours
Jake_Kasdan,100000000,Comedy_-_Musical,116000000,20000000,N,0.36,0.44,Sony,Bad_Teacher
Francis_Veber,6678894,Thriller_-_Horror,43400000,0,N,0.75,0.86,Miramax,The_Closet
John_Madden,100000000,Drama,189000000,25000000,Y,0.76,0.93,Miramax,Shakespeare_in_Love
Matthijs_van_Heijningen_Jr.,16900000,Action_-_Adventure,10500000,38000000,N,0.42,0.36,Universal,The_Thing
Ricky_Gervais,18500000,Comedy_-_Musical,14000000,18500000,N,0.47,0.57,WB,The_Invention_of_Lying
Lee_Unkrich,415000000,Family_-_Animation,648000000,200000000,Y,0.91,0.99,Buena_Vista,Toy_Story_3
Alfonso_Cuar¢n,268000000,Thriller_-_Horror,431000000,100000000,Y,0.84,0.97,WB,Gravity
Brian_Helgeland,81500000,Family_-_Animation,80100000,90000000,N,0.67,0.53,Paramount,Payback
Joss_Whedon,25500000,Action_-_Adventure,13400000,39000000,N,0.89,0.82,Universal,Serenity
John_Moore,40700000,Action_-_Adventure,44700000,35000000,N,0.36,0.16,Fox,Max_Payne
Dennis_Dugan,134000000,Comedy_-_Musical,113000000,80000000,N,0.55,0.07,Sony,Grown_Ups_2
"Nat_Faxon,_Jim_Rash",21500000,Comedy_-_Musical,1692000,5000000,N,0.85,0.85,Fox_Searchlight,"The_Way,_Way_Back"
Angela_Robinson,66000000,Comedy_-_Musical,78100000,50000000,N,0.54,0.42,Buena_Vista,Herbie:_Fully_Loaded
Robert_Mandel,14800000,Action_-_Adventure,0,0,N,0.44,0.38,Orion_Pictures,The_Substitute
Scott_Hicks,35900000,Thriller_-_Horror,0,0,Y,0.89,0.91,Fine_Line,Shine
Steven_Spielberg,77900000,Drama,142000000,60000000,N,0.72,0.6,Dreamworks,The_Terminal
Joel_Schumacher,109000000,Action_-_Adventure,43500000,40000000,N,0.83,0.67,WB,A_Time_to_Kill
Tate_Taylor,170000000,Drama,41900000,25000000,Y,0.9,0.76,Buena_Vista,The_Help
Howard_Deutch,44700000,Thriller_-_Horror,5317452,50000000,N,0.7,0.4,WB,The_Replacements
James_Mangold,76400000,Comedy_-_Musical,186000000,117000000,N,0.52,0.53,Fox,Knight_&_Day
Martin_Campbell,117000000,Action_-_Adventure,103000000,200000000,N,0.47,0.26,WB,Green_Lantern
Michel_Hazanavicius,44700000,Drama,88800000,15000000,Y,0.89,0.98,Weinstein_Company,The_Artist
Pang_Brothers,35400000,Thriller_-_Horror,19700000,16000000,N,0.48,0.12,Sony,The_Messengers
Ron_Howard,18600000,Drama,8804304,25000000,Y,0.86,0.92,Universal,Frost-Nixon
Baltasar_Kormakur,66500000,Thriller_-_Horror,29700000,25000000,N,0.58,0.51,Universal,Contraband
Kurt_Wimmer,18500000,Thriller_-_Horror,12500000,30000000,N,0.42,0.09,Sony,Ultraviolet
Ivan_Reitman,70700000,Comedy_-_Musical,77100000,25000000,N,0.55,0.49,Paramount,No_Strings_Attached
Bennett_Miller,28800000,Drama,20500000,7000000,Y,0.73,0.9,Sony,Capote
Kasi_Lemmons,14800000,Family_-_Animation,0,0,N,0.86,0.8,Trimark,Eves_Bayou
Dennis_Dugan,59800000,Comedy_-_Musical,5113537,33000000,N,0.71,0.11,Sony,The_Benchwarmers
Greg_McLean,16200000,Thriller_-_Horror,11600000,0,N,0.49,0.53,Weinstein_Company,Wolf_Creek
Derek_Cianfrance,21400000,Drama,14100000,15000000,N,0.75,0.81,Focus,The_Place_Beyond_the_Pines
Lasse_Hallstr”m,57500000,Drama,31000000,24000000,Y,0.75,0.71,Miramax,The_Cider_House_Rules
Todd_Phillips,68500000,Comedy_-_Musical,51200000,16000000,N,0.68,0.57,Dreamworks,Road_Trip
Stanley_Tong,16300000,Action_-_Adventure,0,0,N,0.7,0.95,Miramax,Supercop
Roman_Polanksi,32600000,Drama,87500000,35000000,Y,0.94,0.96,Focus,The_Pianist
Sean_McNamara,10000000,Comedy_-_Musical,16000000,0,N,0.51,0.07,Lionsgate,BRATZ
David_O._Russell,93600000,Drama,35600000,25000000,Y,0.88,0.9,Paramount,The_Fighter
David_Fincher,97000000,Drama,128000000,40000000,Y,0.89,0.96,Sony,The_Social_Network
Sephen_Frears,30400000,Drama,47700000,0,Y,0.9,0.92,Weinstein_Company,Philomena
Steven_Spielberg,79900000,Action_-_Adventure,97700000,66000000,Y,0.74,0.77,Buena_Vista,War_Horse
Mark_Waters,110000000,Comedy_-_Musical,50600000,20000000,N,0.6,0.88,Buena_Vista,Freaky_Friday
Alexander_Payne,15900000,Drama,0,12000000,Y,0.87,0.92,Paramount,Nebraska
Tom_Tykwer,25500000,Thriller_-_Horror,34700000,50000000,N,0.39,0.59,Sony,The_International
Adam_McKay,125000000,Comedy_-_Musical,44100000,50000000,N,0.62,0.74,Paramount,Anchorman_2:_The_Legend_Continues
Hugh_Johnson,11300000,Comedy_-_Musical,0,70000000,N,0.36,0.07,WB,Chill_Factor
John_Carpenter,8709640,Thriller_-_Horror,5301192,28000000,N,0.29,0.21,Sony,John_Carpenters_Ghosts_of_Mars
Brian_Percival,21000000,Drama,33300000,19000000,N,0.78,0.5,Fox,The_Book_Thief
James_Wong,9362785,Action_-_Adventure,48100000,0,N,0.27,0.14,Fox,Dragonball_Evolution
Clint_Eastwood,100000000,Drama,116000000,30000000,Y,0.87,0.92,WB,Million_Dollar_Baby
John_Lee_Hancock,82000000,Drama,17900000,35000000,N,0.88,0.8,Buena_Vista,Saving_Mr._Banks
Frank_Marshall,81600000,Action_-_Adventure,38800000,40000000,N,0.8,0.72,Buena_Vista,Eight_Below
Jay_Roach,166000000,Comedy_-_Musical,164000000,55000000,N,0.79,0.84,Universal,Meet_the_Parents
Sofia_Coppola,44600000,Comedy_-_Musical,75100000,4000000,Y,0.84,0.95,Focus,Lost_in_Translation
Joel_&_Ethan_Coen,60400000,Comedy_-_Musical,103000000,37000000,N,0.64,0.78,Focus,Burn_After_Ridiculous
Peter_Jackson,303000000,Action_-_Adventure,714000000,200000000,Y,0.83,0.65,WB,The_Hobbit:_An_Unexpected_Journey
Matthew_OCallaghan,58400000,Family_-_Animation,11500000,50000000,N,0.65,0.69,Universal,Curious_George
Martin_Scorsese,103000000,Drama,111000000,110000000,Y,0.73,0.87,Miramax,The_Aviator
John_Lee_Hancock,256000000,Drama,53200000,29000000,Y,0.9,0.66,WB,The_Blind_Side
Jon_Turteltaub,63900000,Comedy_-_Musical,62900000,28000000,N,0.62,0.47,CBS,Last_Vegas
Nora_Ephron,10000000,Comedy_-_Musical,847706,63000000,N,0.22,0.22,Paramount,Lucky_Numbers
Steven_Soderbergh,124000000,Comedy_-_Musical,83400000,0,Y,0.81,0.92,USA,Traffic
Tom_Hanks,35600000,Comedy_-_Musical,116000000,30000000,N,0.43,0.35,Universal,Larry_Crowne
Luke_Greenfield,14600000,Comedy_-_Musical,15800000,0,N,0.71,0.55,Fox,The_Girl_Next_Door
The_Guard_Brothers,28600000,Thriller_-_Horror,13000000,0,N,0.52,0.32,Paramount,The_Uninvited
Ridley_Scott,188000000,Drama,270000000,103000000,Y,0.85,0.78,Dreamworks,Gladiator
David_Yates,296000000,Action_-_Adventure,660000000,0,N,0.87,0.79,WB,Harry_Potter_and_the_Deathly_Hallows_Part_1
Martin_Scorsese,73900000,Family_-_Animation,112000000,170000000,Y,0.79,0.94,Paramount,Hugo
Christian_Alvart,13300000,Thriller_-_Horror,14900000,26000000,N,0.42,0.23,Paramount,Case_39
Carl_Rinsch,38400000,Action_-_Adventure,105000000,175000000,N,0.55,0.12,Universal,47_Ronin
Gus_Van_Sant,138000000,Drama,87500000,0,Y,0.92,0.97,Miramax,Good_Will_Hunting
Ron_Clements,99100000,Thriller_-_Horror,154000000,85000000,N,0.68,0.84,Buena_Vista,Hercules
Allen_Coulter,19100000,Drama,37000000,16000000,N,0.69,0.28,Summit,Remember_Me
Hayao_Miyazaki,10100000,Action_-_Adventure,265000000,19000000,N,0.95,0.97,Buena_Vista,Spirited_Away
Woody_Allen,17300000,Thriller_-_Horror,12700000,25000000,N,0.54,0.67,Dreamworks,Small_Time_Crooks
Sam_Fell,50900000,Family_-_Animation,36100000,60000000,N,0.46,0.56,Universal,The_Tale_of_Despereaux
Jonathan_Dayton,59900000,Comedy_-_Musical,40600000,8000000,Y,0.9,0.91,Fox,Little_Miss_Sunshine
Lone_Scherfig,12600000,Drama,13500000,7500000,Y,0.78,0.94,Sony,An_Education
Rob_Cohen,142000000,Action_-_Adventure,135000000,70000000,N,0.69,0.48,Sony,XXX
James_Ivory,9081057,Comedy_-_Musical,3910939,0,N,0.25,0.37,Fox,Le_Divorce
Martin_Scorsese,111000000,Drama,197000000,100000000,Y,0.83,0.77,Paramount,The_Wolf_of_Wall_Street
Ronald_F._Maxwell,12900000,Action_-_Adventure,41002,56000000,N,0.65,0.08,WB,Gods_and_Generals
Paul_Weitz,18000000,Comedy_-_Musical,0,13000000,N,0.34,0.38,Focus,Admission
Tom_DeCerchio,9255027,Thriller_-_Horror,0,0,N,0.31,0.09,Buena_Vista,Celtic_Pride
Randall_Miller,14800000,Action_-_Adventure,0,0,N,0.54,0.23,Buena_Vista,The_6th_Man
Richard_Donner,36900000,Thriller_-_Horror,28800000,55000000,N,0.6,0.55,WB,16_Blocks
Robert_Lorenz,35800000,Drama,13200000,60000000,N,0.67,0.51,WB,Trouble_with_the_Curve
Sacha_Gervasi,6008677,Drama,17600000,0,N,0.61,0.62,Fox_Searchlight,Hitchcock
David_Bowers,19600000,Family_-_Animation,20300000,65000000,N,0.53,0.49,Summit,Astro_Boy
Barry_Sonnenfeld,179000000,Comedy_-_Musical,445000000,225000000,N,0.71,0.7,Sony,MIB_3
Anthony_Minghella,78700000,Comedy_-_Musical,153000000,27000000,Y,0.81,0.83,Miramax,The_English_Patient
Gregory_Hoblit,19100000,Family_-_Animation,13200000,70000000,N,0.51,0.6,MGM,Harts_War
Craig_Mazin,25900000,Comedy_-_Musical,45400000,35000000,N,0.36,0.16,MGM-UA,Superhero_Movie
Tim_Burton,35300000,Family_-_Animation,46200000,39000000,N,0.7,0.87,Buena_Vista,Frankenweenie
Tommy_OHaver,11600000,Comedy_-_Musical,8323902,22000000,N,0.5,0.44,Miramax,Get_Over_It
Ben_Affleck,136000000,Thriller_-_Horror,96300000,44500000,Y,0.9,0.96,WB,Argo
Curtis_Hanson,64600000,Thriller_-_Horror,61600000,0,Y,0.9,0.99,WB,L.A._Confidential
Walter_Salles,25500000,Thriller_-_Horror,24000000,0,N,0.37,0.45,Buena_Vista,Dark_Water
Roberto_Benigni,57200000,Action_-_Adventure,172000000,0,Y,0.96,0.8,Miramax,Life_is_Beautiful
Gavin_OConnor,13700000,Action_-_Adventure,9400000,25000000,N,0.93,0.83,Lionsgate,Warrior
Sylvain_Chomet,7007149,Family_-_Animation,7769611,8000000,N,0.88,0.94,Sony,The_Triplets_of_Belleville
Clint_Eastwood,13800000,Action_-_Adventure,54900000,19000000,Y,0.85,0.91,WB,Letters_from_Iwo_Jima
Peter_Cattaneo,46000000,Drama,212000000,3500000,Y,0.73,0.95,Fox_Searchlight,The_Full_Monty
Fraser_Clarke_Heston,11800000,Comedy_-_Musical,0,24000000,N,0.5,0.18,Sony,Alaska
Frank_Oz,63900000,Comedy_-_Musical,0,35000000,N,0.48,0.73,Paramount,In_&_Out
Josh_Gordon,27800000,Comedy_-_Musical,22100000,19000000,N,0.44,0.51,Miramax,The_Switch
Stephen_Frears,56400000,Drama,66900000,15000000,Y,0.74,0.97,Miramax,The_Queen
Todd_Graff,30900000,Comedy_-_Musical,226000,25000000,N,0.66,0.33,WB,Joyful_Noise
Heitor_Dhalia,11700000,Thriller_-_Horror,6417000,0,N,0.43,0.11,Lionsgate,Gone
Rob_Reiner,13300000,Drama,0,36000000,N,0.64,0.46,Sony,Ghosts_of_Mississippi
James_Cameron,601000000,Comedy_-_Musical,1530000000,200000000,Y,0.69,0.87,Paramount,Titanic
Wes_Craven,101000000,Drama,71000000,24000000,N,0.54,0.81,Dimension_Films,Scream_2
Robert_Luketic,88900000,Comedy_-_Musical,116000000,38000000,N,0.68,0.13,Sony,The_Ugly_Truth
Gavin_Hood,61700000,Action_-_Adventure,50500000,110000000,N,0.71,0.61,Lionsgate,Enders_Game
Catherine_Hardwicke,11300000,Drama,2138440,25000000,N,0.8,0.55,Sony,Lords_of_Dogtown
Edgar_Wright,26000000,Comedy_-_Musical,20100000,20000000,N,0.73,0.89,Focus,The_Worlds_End
Mark_Herman,9046156,Drama,31400000,12500000,N,0.84,0.63,Miramax,The_Boy_in_the_Striped_Pajamas
Stephen_Daldry,34200000,Drama,74700000,32000000,Y,0.78,0.61,Weinstein_Company,The_Reader
Paul_Thomas_Anderson,16400000,Drama,11900000,32000000,N,0.6,0.85,Weinstein_Company,The_Master
Joe_Wright,50900000,Drama,78300000,0,Y,0.79,0.83,Focus,Atonement
Scott_Stewart,40200000,Thriller_-_Horror,27800000,26000000,N,0.36,0.2,Sony,Legion
Quentin_Tarantino,163000000,Action_-_Adventure,263000000,100000000,Y,0.92,0.88,Weinstein_Company,Django_Unchained
Joel_and_Ethan_Coen,74300000,Drama,97300000,0,Y,0.84,0.95,Miramax,No_Country_for_Old_Men
Harold_Ramis,43300000,Comedy_-_Musical,19000000,60000000,N,0.31,0.14,Sony,Year_One
Steven_Spielberg,182000000,Drama,93100000,65000000,Y,0.81,0.9,Buena_Vista,Lincoln
Burr_Steers,64200000,Comedy_-_Musical,72100000,0,N,0.7,0.55,WB,17_Again
Martin_Scorsese,132000000,Drama,157000000,90000000,Y,0.92,0.93,WB,The_Departed
Antoine_Fuqua,47000000,Action_-_Adventure,48700000,61000000,N,0.82,0.48,Paramount,Shooter
Baz_Luhrmann,46400000,Family_-_Animation,101000000,14500000,N,0.76,0.7,Fox,Romeo_+_Juliet
Benny_Boom,10000000,Comedy_-_Musical,145472,0,N,0.35,0.21,Summit,Next_Day_Air
Sean_Anders,8402485,Comedy_-_Musical,10400000,19000000,N,0.6,0.46,Summit,Sex_Drive
Matt_Williams,33800000,Comedy_-_Musical,7090880,15000000,N,0.76,0.35,Fox,Where_the_Heart_Is
M._Night_Shyamalan,132000000,Action_-_Adventure,188000000,150000000,N,0.42,0.06,Paramount,The_Last_Airbender
Clint_Eastwood,90500000,Comedy_-_Musical,38400000,65000000,N,0.5,0.79,WB,Space_Cowboys
Paul_McGuigan,31800000,Thriller_-_Horror,17000000,38000000,N,0.47,0.22,Summit,Push
David_Fincher,128000000,Drama,206000000,150000000,Y,0.81,0.72,Paramount,The_Curious_Case_of_Benjamin_Button
Hideo_Nakata,76200000,Thriller_-_Horror,85200000,0,N,0.54,0.2,Dreamworks,The_Ring_Two
Peter_Segal,123000000,Thriller_-_Horror,43000000,84000000,N,0.53,0.26,Universal,The_Nutty_Professor_II:_The_Klumps
Sam_Raimi,337000000,Action_-_Adventure,554000000,258000000,N,0.54,0.63,Sony,Spider-Man_3
Dennis_Dugan,162000000,Comedy_-_Musical,109000000,80000000,N,0.59,0.1,Sony,Grown_Ups
Tyler_Perry,90500000,Comedy_-_Musical,0,0,N,0.74,0.28,Lionsgate,Tyler_Perrys_Madea_Goes_to_Jail
Richard_Linklater,9206000,Comedy_-_Musical,0,6000000,N,0.72,0.9,Millenium_Entertainment,Bernie
Ericson_Core,57800000,Drama,673876,40000000,N,0.74,0.71,Buena_Vista,Invincible
Jonathan_Liebesman,83600000,Action_-_Adventure,128000000,70000000,N,0.49,0.35,Sony,Battle:_Los_Angeles
Ringo_Lam,8359717,Comedy_-_Musical,0,10000000,N,0,null,Miramax,Twin_Dragons
Sean_Anders,36900000,Comedy_-_Musical,20800000,70000000,N,0.53,0.2,Sony,Thats_My_Boy
Tyler_Perry,35000000,Drama,553000,14000000,N,0.77,0.31,Lionsgate,Tyler_Perrys_Good_Deeds
Neveldine-Taylor,20500000,Thriller_-_Horror,20300000,0,N,0.42,0.29,Lionsgate,Gamer
Peter_Jackson,313000000,Comedy_-_Musical,556000000,93000000,Y,0.92,0.92,New_Line,The_Lord_of_the_Rings:_The_Fellowship_of_the_Ring
Stephen_Kay,15000000,Drama,4445811,63600000,N,0.3,0.12,WB,Get_Carter
Gurinder_Chadha,32500000,Comedy_-_Musical,44000000,6000000,N,0.69,0.85,Fox,Bend_It_Like_Beckham
Pete_Docter,293000000,Family_-_Animation,438000000,175000000,Y,0.86,0.98,Buena_Vista,Up
Peter_Berg,119000000,Action_-_Adventure,0,40000000,N,0.9,0.74,Universal,Lone_Survivor
Guy_Ferland,14200000,Drama,13500000,25000000,N,0.71,0.22,Lionsgate,Dirty_Dancing:_Havana_Nights
Peter_Jackson,377000000,Action_-_Adventure,742000000,94000000,Y,0.83,0.94,New_Line,The_Lord_of_the_Rings:_The_Return_of_the_King
Alexander_Payne,82600000,Drama,94700000,20000000,Y,0.79,0.89,Fox,The_Descendants
Troy_Miller,34600000,Comedy_-_Musical,0,85000000,N,0.16,0.46,WB,Jack_Frost
Stephen_Norrington,66500000,Family_-_Animation,113000000,78000000,N,0.54,0.17,Fox,The_League_of_Extraordinary_Gentlemen
Darren_Aronofsky,26200000,Drama,18500000,6000000,N,0.86,0.98,Fox,The_Wrestler
Karyn_Kusama,16200000,Comedy_-_Musical,15400000,16000000,N,0.37,0.43,Fox,Jennifers_Body
Tom_Hooper,149000000,Comedy_-_Musical,293000000,61000000,Y,0.79,0.7,Universal,Les_Miserables
Maurice_Joyce,19400000,Drama,0,0,N,0.41,0.26,Buena_Vista,Dougs_First_Movie
Harald_Zwart,177000000,Drama,183000000,40000000,N,0.75,0.67,Sony,Karate_Kid
Roger_Kumble,32600000,Comedy_-_Musical,18300000,0,N,0.73,0.42,New_Line,Just_Friends
Silvio_Soldini,5318679,Comedy_-_Musical,3159755,0,N,0.83,0.71,First,Bread_and_Tulips
Howard_Deutch,16300000,Comedy_-_Musical,9827310,40000000,N,0.49,0.04,WB,The_Whole_Ten_Yards
Neill_Blomkamp,116000000,Action_-_Adventure,95200000,30000000,Y,0.81,0.91,Sony,District_9
Kathryn_Bigelow,95700000,Thriller_-_Horror,37100000,40000000,Y,0.8,0.93,Sony,Zero_Dark_Thirty
David_O._Russell,142000000,Drama,61800000,40000000,Y,0.78,0.93,Sony,American_Hustle
Raja_Gosnell,143000000,Family_-_Animation,421000000,110000000,N,0.46,0.23,Sony,The_Smurfs
Ed_Harris,20200000,Action_-_Adventure,7454457,20000000,N,0.54,0.77,WB,Appaloosa
Francis_Lawrence,423000000,Action_-_Adventure,439000000,130000000,N,0.91,0.89,Lionsgate,The_Hunger_Games:_Catching_Fire
Tim_Hill,17300000,Action_-_Adventure,1340361,25000000,N,0.41,0.29,Buena_Vista,Max_Keebles_Big_Move
Clint_Eastwood,33600000,Action_-_Adventure,32300000,90000000,N,0.7,0.73,Paramount,Flags_of_Our_Fathers
David_O._Russell,12800000,Comedy_-_Musical,7286740,20000000,N,0.75,0.62,Fox,I_Heart_Huckabees
Andrew_Davis,40100000,Comedy_-_Musical,38300000,85000000,N,0.33,0.18,WB,Collateral_Damage
Danny_Boyle,141000000,Drama,237000000,15000000,Y,0.9,0.94,Fox,Slumdog_Millionaire
Tom_Shadyac,243000000,Comedy_-_Musical,242000000,81000000,N,0.61,0.49,Universal,Bruce_Almighty
Peter_Jackson,340000000,Action_-_Adventure,583000000,94000000,Y,0.92,0.96,New_Line,The_Lord_of_the_Rings:_The_Two_Towers
Jean-Marc_Vallee,24400000,Drama,6000000,5000000,Y,0.92,0.94,Focus,Dallas_Buyers_Club
Rick_Famuyiwa,20300000,Comedy_-_Musical,1153747,0,N,0.48,0.14,Fox,Our_Family_Wedding
Roger_Michell,31000000,Comedy_-_Musical,2773448,40000000,N,0.52,0.55,Paramount,Morning_Glory
Frank_Darabont,137000000,Thriller_-_Horror,150000000,60000000,Y,0.93,0.8,WB,The_Green_Mile
Robert_Rodriguez,113000000,Family_-_Animation,35200000,35000000,N,0.39,0.93,Miramax,Spy_Kids
Jason_Reitman,83800000,Drama,83100000,25000000,Y,0.76,0.91,Paramount,Up_in_the_Air
Tony_Gilroy,49000000,Thriller_-_Horror,44000000,0,Y,0.72,0.9,WB,Michael_Clayton
Iain_Softley,17300000,Action_-_Adventure,45100000,60000000,N,0.49,0.39,WB,Inkheart
Jon_Turteltaub,63200000,Action_-_Adventure,0,0,N,0.56,0.41,Buena_Vista,The_Sorcerers_Apprentice
Michael_Apted,21300000,Drama,10900000,0,N,0.84,0.7,IDP,Amazing_Grace
Bruce_A._Evans,28500000,Thriller_-_Horror,19600000,20000000,N,0.75,0.55,MGM,Mr._Brooks
Chris_Robinson,21200000,Drama,0,20000000,N,0.81,0.63,WB,ATL
Martin_McDonagh,15000000,Action_-_Adventure,4398000,15000000,N,0.71,0.83,CBS,Seven_Psychopaths
Tom_Dey,38100000,Thriller_-_Horror,39700000,85000000,N,0.29,0.25,WB,Showtime
Terrence_Malick,13300000,Drama,41000000,32000000,Y,0.6,0.84,Fox,The_Tree_of_Life
J.J._Abrams,127000000,Action_-_Adventure,133000000,50000000,N,0.78,0.82,Paramount,Super_8
G bor_Csup¢,82300000,Action_-_Adventure,55300000,0,N,0.71,0.84,Buena_Vista,Bridge_to_Terabithia
Joel_&_Ethan_Coen,171000000,Action_-_Adventure,79900000,38000000,Y,0.86,0.96,Paramount,True_Grit
Robert_Altman,41300000,Drama,46400000,19800000,Y,0.75,0.86,USA,Gosford_Park
Kevin_Hooks,13000000,Drama,0,0,N,0.61,0.11,Universal,Black_Dog
Kevin_Costner,17600000,Drama,0,80000000,N,0.51,0.09,WB,The_Postman
David_Twohy,15500000,Thriller_-_Horror,7337178,14000000,N,0.5,0.6,Universal,A_Perfect_Getaway
Peter_Webber,11700000,Drama,19800000,15600000,N,0.66,0.72,Lionsgate,Girl_With_a_Pearl_Earring
Shana_Feste,20200000,Drama,310273,15000000,N,0.53,0.22,Sony,Country_Strong
Ridley_Scott,126000000,Action_-_Adventure,277000000,130000000,N,0.69,0.74,Fox,Prometheus
Paul_Thomas_Anderson,40200000,Drama,36000000,25000000,Y,0.84,0.91,Paramount,There_Will_Be_Blood
Keenan_Ivory_Wayans,157000000,Action_-_Adventure,121000000,19000000,N,0.5,0.53,Miramax,Scary_Movie
Mike_Judge,63100000,Thriller_-_Horror,0,12000000,N,0.61,0.71,Paramount,Beavis_and_Butt-head_Do_America
Mike_Leigh,13400000,Drama,0,4500000,Y,0.9,0.94,October,Secrets_&_Lies
John_McTiernan,32700000,Drama,29000000,160000000,N,0.66,0.33,Buena_Vista,The_13th_Warrior
Rich_Moore,189000000,Family_-_Animation,282000000,165000000,N,0.87,0.86,Buena_Vista,Wreck-It_Ralph
Asghar_Farhadi,7099055,Drama,12800000,800000,N,0.92,0.99,Sony,A_Separation
RZA,15600000,Action_-_Adventure,4037000,15000000,N,0.41,0.49,Universal,The_Man_With_the_Iron_Fists
Andy_&_Larry_Wachowski,282000000,Action_-_Adventure,461000000,150000000,N,0.74,0.73,WB,The_Matrix_Reloaded
Marc_Forster,51700000,Drama,65100000,25000000,Y,0.84,0.83,Miramax,Finding_Neverland
Randall_Wallace,59700000,Drama,537416,35000000,N,0.76,0.64,Buena_Vista,Secretariat
Jeff_Wadlow,10000000,Thriller_-_Horror,5537821,1000000,N,0.56,0.23,Rogue_Pictures,Cry_Wolf
Chris_Kentis,30600000,Thriller_-_Horror,24100000,500000,N,0.32,0.72,Lionsgate,Open_Water
Debra_Granik,6531503,Drama,7300000,2000000,Y,0.74,0.94,Roadside_Attractions,Winters_Bone
Jennifer_Flackett,48000000,Action_-_Adventure,52100000,37000000,N,0.49,0.51,Fox,Nims_Island
Michael_Bay,202000000,Drama,352000000,140000000,N,0.77,0.39,Buena_Vista,Armageddon
Sam_Raimi,16300000,Drama,0,30000000,N,0.75,0.9,Paramount,A_Simple_Plan
Douglas_McGrath,9662284,Comedy_-_Musical,20900000,24000000,N,0.32,0.17,Weinstein_Company,I_Dont_Know_How_She_Does_It
Dave_Meyers,6033999,Drama,0,0,N,0.65,0,Artisan,Foolish
Mira_Nair,4109095,Action_-_Adventure,0,3000000,N,0.69,0.4,Trimark,Kama_Sutra:_A_Tale_of_Love
Amy_Heckerling,15600000,Drama,2786080,20000000,N,0,null,Sony,Loser
Steven_Soderbergh,75700000,Action_-_Adventure,59800000,60000000,N,0.61,0.84,WB,Contagion
Rob_Marshall,171000000,Drama,136000000,45000000,Y,0.8,0.87,Miramax,Chicago
Brad_Bird,23200000,Action_-_Adventure,0,70000000,N,0.72,0.97,WB,The_Iron_Giant
Joe_Johnston,177000000,Action_-_Adventure,192000000,140000000,N,0.75,0.79,Paramount,Captain_America:_The_First_Avenger
Scott_Silver,13300000,Action_-_Adventure,0,50000000,N,0.21,0.04,MGM,The_Mod_Squad
Luis_Mandoki,24200000,Comedy_-_Musical,5541388,53000000,N,0.48,0.33,WB,Angel_Eyes
Patrick_Tatopoulos,45800000,Thriller_-_Horror,45600000,35000000,N,0.68,0.3,Sony,Underworld:_Rise_of_the_Lycans
Lasse_Hallstr”m,9047000,Drama,25500000,14500000,N,0.64,0.67,CBS,Salmon_Fishing_in_the_Yemen
Gore_Verbinski,66800000,Drama,81000000,57000000,N,0.47,0.56,Dreamworks,The_Mexican
Thomas_McCarthy,9427089,Drama,8651086,4000000,N,0.82,0.89,Overture_Films,The_Visitor
Michael_Apted,127000000,Comedy_-_Musical,235000000,135000000,N,0.58,0.51,MGM,The_World_Is_Not_Enough
Darren_Aronofsky,107000000,Drama,222000000,13000000,Y,0.86,0.87,Fox,Black_Swan
Tom_Hooper,135000000,Drama,275000000,15000000,Y,0.93,0.95,Weinstein_Company,The_Kings_Speech
"Mark_Andrews,_Brenda_Chapman",237000000,Family_-_Animation,302000000,185000000,N,0.76,0.78,Buena_Vista,Brave
George_Tillman,36800000,Drama,7528069,20000000,N,0.66,0.5,Fox,Notorious
Martin_Campbell,43300000,Thriller_-_Horror,37800000,80000000,N,0.56,0.58,WB,Edge_of_Darkness
Quentin_Tarantino,70100000,Action_-_Adventure,111000000,30000000,N,0.76,0.85,Miramax,Kill_Bill_Vol._1
Ken_Alterman,33500000,Comedy_-_Musical,10400000,90000000,N,0.41,0.21,New_Line,Semi-Pro
Richard_Martin,10200000,Comedy_-_Musical,0,0,N,0.41,0.06,Miramax,Air_Bud:_Golden_Reciever
Antoine_Fuqua,43700000,Drama,42700000,75000000,N,0.72,0.34,Sony,Tears_of_the_Sun
Daniel_Alfredson,7638241,Thriller_-_Horror,59500000,0,N,0.68,0.7,Music_Box_Films,The_Girl_Who_Played_with_Fire
Rob_Hardy,15800000,Drama,0,4000000,N,0.76,0.32,Sony,The_Gospel
Jan_Sv?r k,5770254,Drama,0,0,N,0.91,0.96,Miramax,Kolya
Miguel_Arteta,14000000,Thriller_-_Horror,2837828,8000000,N,0.53,0.81,Fox,The_Good_Girl
John_Lasseter,163000000,Comedy_-_Musical,201000000,120000000,N,0.61,0.92,Buena_Vista,A_Bugs_Life
Gus_Van_Sant,31800000,Drama,22700000,20000000,Y,0.88,0.94,Focus_Features,Milk
Steven_Soderbergh,126000000,Drama,131000000,52000000,Y,0.76,0.84,Universal,Erin_Brokovich
Dennis_Iliadis,32800000,Thriller_-_Horror,12500000,0,N,0.55,0.41,Universal,The_Last_House_on_the_Left
Kevin_Macdonald,19500000,Action_-_Adventure,7631999,25000000,N,0.42,0.38,Focus,The_Eagle
Alex_Kurtzman,12400000,Drama,0,16000000,N,0.63,0.55,Buena_Vista,People_Like_Us
John_Nicolella,6112613,Drama,0,0,N,0.35,0.26,Universal,Kull_the_Conqueror
Andy_Tennant,179000000,Comedy_-_Musical,189000000,70000000,N,0.65,0.69,Sony,Hitch
Pete_Docter,256000000,Comedy_-_Musical,269000000,115000000,N,0.84,0.95,Buena_Vista,"Monsters,_Inc."
Mike_Judge,10800000,Comedy_-_Musical,25625,8000000,N,0.38,0.63,Miramax,Extract
Steven_Spielberg,217000000,Action_-_Adventure,265000000,70000000,Y,0.92,0.93,Dreamworks,Savng_Private_Ryan
J.C._Chandor,6255000,Drama,0,8500000,N,0.67,0.93,Roadside_Attractions,All_is_Lost
Luke_Greenfield,39000000,Comedy_-_Musical,21100000,35000000,N,0.48,0.15,WB,Something_Borrowed
Martin_Scorsese,77800000,Drama,116000000,97000000,Y,0.76,0.75,Miramax,Gangs_of_New_York
Jon_Favreau,100000000,Action_-_Adventure,74600000,163000000,N,0.45,0.44,Universal,Cowboys_and_Aliens
James_L._Brooks,148000000,Comedy_-_Musical,166000000,50000000,Y,0.81,0.86,Sony,As_Good_as_It_Gets
Phil_Joanou,5009305,Comedy_-_Musical,0,0,N,0.25,0.16,New_Line,Heavens_Prisoners
Jonathan_Frakes,37000000,Comedy_-_Musical,1803327,26000000,N,0.33,0.29,Paramount,Clockstoppers
Sam_Raimi,404000000,Action_-_Adventure,418000000,139000000,N,0.65,0.89,Sony,Spider-Man
Michael_Caton-Jones,54900000,Family_-_Animation,104000000,60000000,N,0.56,0.15,Universal,The_Jackal
Takashi_Shimizu,39100000,Thriller_-_Horror,76900000,10000000,N,0.57,0.1,Sony,The_Grudge_2
Clint_Eastwood,25100000,Comedy_-_Musical,0,35000000,N,0.63,0.47,WB,Midnight_in_the_Garden_of_Good_and_Evil
Betty_Thomas,41000000,Comedy_-_Musical,27800000,18000000,N,0.74,0.25,Fox,John_Tucker_Must_Die
Martin_Weisz,20800000,Thriller_-_Horror,16700000,15000000,N,0.5,0.11,Fox,The_Hills_Have_Eyes_2
Tony_Kaye,6719864,Drama,17200000,20000000,N,0.96,0.82,New_Line,American_History_X
Courtney_Solomon,16300000,Thriller_-_Horror,13300000,14000000,N,0.47,0.12,Freestyle,An_American_Haunting
Adam_Shankman,38500000,Comedy_-_Musical,20900000,75000000,N,0.55,0.41,WB,Rock_of_Ages
Clint_Eastwood,90100000,Drama,66700000,25000000,Y,0.86,0.87,WB,Mystic_River
Woody_Allen,56800000,Comedy_-_Musical,94300000,17000000,Y,0.82,0.93,Sony,Midnight_in_Paris
Steven_Soderbergh,183000000,Drama,267000000,85000000,N,0.76,0.82,WB,Oceans_Eleven
Tyler_Perry,51700000,Drama,0,0,N,0.81,0.62,Lionsgate,Tyler_Perrys_I_Can_Do_Bad_All_By_Myself
Julian_Jarrold,18700000,Drama,18600000,16500000,N,0.74,0.57,Miramax,Becoming_Jane
Michael_Moore,14400000,Documentary,3073112,20000000,N,0.72,0.75,Overture_Films,Capitalism:_A_Love_Story
Neil_Abramson,9257103,Action_-_Adventure,0,20000000,N,0.19,0.25,Artisan,Ringmaster
Stephen_Daldry,41700000,Action_-_Adventure,67200000,25000000,Y,0.82,0.81,Paramount,The_Hours
Paul_W._S._Anderson,60100000,Thriller_-_Horror,236000000,60000000,N,0.51,0.24,Sony,Resident_Evil:_Afterlife
Daniel_Barnz,27900000,Action_-_Adventure,968438,17000000,N,0.48,0.2,CBS,Beastly
Terrence_Malick,36400000,Comedy_-_Musical,61700000,52000000,Y,0.75,0.78,Fox,The_Thin_Red_Line
Tony_Scott,65500000,Thriller_-_Horror,84700000,100000000,N,0.6,0.51,Sony,The_Taking_of_Pelham_1_2_3
Paul_Haggis,21100000,Thriller_-_Horror,46300000,30000000,N,0.66,0.52,Lionsgate,The_Next_Three_Days
Benh_Zeitlin,12800000,Drama,0,1800000,Y,0.76,0.86,Fox_Searchlight,Beasts_of_the_Southern_Wild
Jimmy_Hayward,10500000,Action_-_Adventure,356195,47000000,N,0.23,0.13,WB,Jonah_Hex
Todd_Haynes,15900000,Drama,13100000,13500000,N,0.76,0.89,Focus,Far_From_Heaven
Chris_Sanders,146000000,Action_-_Adventure,127000000,80000000,N,0.65,0.86,Buena_Vista,Lilo_&_Stitch
Cameron_Crowe,101000000,Comedy_-_Musical,103000000,68000000,N,0.68,0.4,Paramount,Vanilla_Sky
Steven_Spielberg,47400000,Thriller_-_Horror,83000000,70000000,Y,0.78,0.78,Universal,Munich
James_Wan,16800000,Thriller_-_Horror,5408331,20000000,N,0.57,0.2,Universal,Dead_Silence
Peter_Weir,93900000,Action_-_Adventure,118000000,150000000,Y,0.75,0.85,Fox,Master_and_Commander:_The_Far_Side_of_the_World
James_Cameron,750000000,Action_-_Adventure,2020000000,0,Y,0.92,0.83,Fox,Avatar
Jason_Winer,33000000,Comedy_-_Musical,12700000,40000000,N,0.47,0.26,WB,Arthur
Quentin_Tarantino,121000000,Action_-_Adventure,201000000,70000000,Y,0.87,0.88,Weinstein_Company,Inglourious_Basterds
Roger_Donaldson,52800000,Thriller_-_Horror,48400000,0,N,0.63,0.43,Buena_Vista,The_Recruit
Derek_Cianfrance,9706328,Drama,2649406,1000000,N,0.75,0.88,Weinstein_Company,Blue_Valentine
John_Moore,67300000,Action_-_Adventure,237000000,92000000,N,0.42,0.14,Fox,A_good_Day_to_Die_Hard
Bob_Dolman,13000000,Family_-_Animation,55787,0,N,0.5,0.58,New_Line,How_To_Eat_Fried_Worms
Les_Mayfield,13300000,Family_-_Animation,336123,35000000,N,0.67,0.14,WB,American_Outlaws
Burr_Steers,31200000,Drama,17000000,44000000,N,0.61,0.27,Universal,Charlie_St._Cloud
Michael_Mann,63500000,Action_-_Adventure,100000000,135000000,N,0.48,0.47,Universal,Miami_Vice
Drew_Goddard,42100000,Thriller_-_Horror,24400000,30000000,N,0.73,0.92,Lionsgate,Cabin_in_the_Woods
Christopher_Nolan,293000000,Action_-_Adventure,533000000,160000000,Y,0.93,0.86,WB,Inception
Lisa_Cholodenko,20800000,Comedy_-_Musical,13900000,4000000,Y,0.72,0.93,Focus_Features,The_Kids_Are_Alright
Mark_Brown,22200000,Comedy_-_Musical,155549,13000000,N,0.81,0.43,Sony,Two_Can_Play_That_Game
Ronny_Yu,32400000,Family_-_Animation,18300000,25000000,N,0.52,0.42,Universal,Bride_of_Chucky
Jason_Reitman,143000000,Drama,87900000,7500000,Y,0.89,0.94,Fox,Juno
Mark_Piznarski,10500000,Comedy_-_Musical,350980,15000000,N,0.61,0.17,Fox,Here_on_Earth
Mark_Dindal,135000000,Family_-_Animation,179000000,150000000,N,0.56,0.36,Buena_Vista,Chicken_Little
David_Talbert,21600000,Comedy_-_Musical,887000,0,N,0.55,0.14,Fox_Searchlight,Baggage_Claim
Frank_Darabont,25600000,Thriller_-_Horror,31700000,18000000,N,0.64,0.74,MGM-UA,The_Mist
Carroll_Ballard,25100000,Family_-_Animation,0,0,N,0.64,0.85,Sony,Fly_Away_Home
Chris_Buck,171000000,Action_-_Adventure,277000000,130000000,N,0.63,0.88,Buena_Vista,Tarzan
Peter_Chelsom,6719973,Action_-_Adventure,3652318,90000000,N,0.17,0.13,New_Line,Town_&_Country
Ang_Lee,83000000,Action_-_Adventure,95100000,14000000,Y,0.77,0.87,Focus,Brokeback_Mountain
M._Night_Shyamalan,60500000,Action_-_Adventure,183000000,130000000,N,0.38,0.11,Sony,After_Earth
George_Armitage,28100000,Comedy_-_Musical,0,0,N,0.84,0.79,Buena_Vista,Grosse_Pointe_Blank
Edgar_Wright,13500000,Comedy_-_Musical,16500000,0,N,0.91,0.91,Rogue_Pictures,Shaun_of_the_Dead
Alejandro_Gonz lez_I¤ rritu,34300000,Drama,101000000,25000000,Y,0.76,0.69,Paramount,Babel
Martin_Scorsese,128000000,Drama,167000000,80000000,N,0.73,0.69,Paramount,Shutter_Island
Josh_Schwartz,9409000,Comedy_-_Musical,2007000,14000000,N,0.48,0.25,Paramount,Fun_Size
Gary_Ross,120000000,Drama,28100000,87000000,Y,0.74,0.77,Universal,Seabiscuit
Wes_Anderson,21000000,Family_-_Animation,25500000,40000000,N,0.81,0.93,Fox,Fantastic_Mr._Fox
Marcus_Nispel,65000000,Thriller_-_Horror,26400000,19000000,N,0.52,0.26,WB,Friday_the_13th
David_Twohy,57800000,Action_-_Adventure,58000000,105000000,N,0.73,0.29,Universal,The_Chronicles_of_Riddick
Sam_Raimi,235000000,Action_-_Adventure,258000000,215000000,N,0.57,0.59,Buena_Vista,Oz_The_Great_and_Powerful
Paul_Feig,169000000,Comedy_-_Musical,119000000,32500000,N,0.76,0.9,Universal,Bridesmaids
Tim_Story,91500000,Comedy_-_Musical,4523000,12000000,N,0.8,0.53,Sony,Think_Like_a_Man
Martin_Scorsese,16800000,Family_-_Animation,0,55000000,N,0.64,0.71,Paramount,Bringing_Out_the_Dead
Denzel_Washington,30200000,Drama,0,15000000,N,0.86,0.69,MGM-UA,The_Great_Debaters
David_R._Ellis,18900000,Thriller_-_Horror,21300000,25000000,N,0.23,0.16,Relativity,Shark_Night_3D
Craig_Bolotin,5985690,Comedy_-_Musical,0,13000000,N,0.75,0.38,Fox,Light_it_Up
David_Dobkin,209000000,Comedy_-_Musical,75900000,40000000,N,0.7,0.75,New_Line,Wedding_Crashers
Rob_Letterman,42800000,Comedy_-_Musical,0,0,N,0.3,0.21,Fox,Gullivers_Travels
Pierre_Morel,24100000,Action_-_Adventure,28700000,52000000,N,0.57,0.37,Lionsgate,From_Paris_with_Love
Ang_Lee,132000000,Action_-_Adventure,113000000,137000000,N,0.34,0.62,Universal,Hulk
Guillermo_Del_Toro,102000000,Action_-_Adventure,309000000,190000000,N,0.78,0.71,WB,Pacific_Rim
Antony_Hoffman,17500000,Action_-_Adventure,16000000,80000000,N,0.31,0.14,WB,Red_Planet
Tim_Story,36600000,Comedy_-_Musical,32300000,25000000,N,0.6,0.1,Fox,Taxi
Cameron_Crowe,154000000,Drama,120000000,50000000,Y,0.72,0.85,Sony,Jerry_Maguire
Jonathan_Mostow,50200000,Thriller_-_Horror,0,36000000,N,0.61,0.8,Paramount,Breakdown
Ron_Howard,136000000,Comedy_-_Musical,173000000,0,N,0.61,0.73,Buena_Vista,Ransom
Risa_Bramon_Garcia,6852450,Comedy_-_Musical,0,6000000,N,0.53,0.29,Paramount,200_Cigarettes
Jessey_Terrero,14200000,Comedy_-_Musical,631596,16000000,N,0.58,0.18,MGM,Soul_Plane
Joseph_Ruben,8341087,Family_-_Animation,0,0,N,0.73,0.71,Polygram,Return_to_Paradise
Bart_Freundlich,16700000,Family_-_Animation,226963,12000000,N,0.53,0.11,Fox,Catch_that_Kid
Lee_Daniels,47600000,Drama,16100000,10000000,Y,0.8,0.91,Lionsgate,Precious
Kirk_Jones,9208876,Comedy_-_Musical,7234733,21000000,N,0.54,0.46,Miramax,Everybodys_Fine
Ryan_Murphy,80600000,Drama,124000000,60000000,N,0.45,0.37,Sony,Eat_Pray_Love
Stephan_Frears,5707094,Family_-_Animation,6672308,47000000,N,0.4,0.26,Sony,Mary_Reilly
Sylvain_White,23600000,Action_-_Adventure,5788291,25000000,N,0.54,0.49,WB,The_Losers
Christopher_Guest,17800000,Comedy_-_Musical,969240,6000000,N,0.8,0.88,WB,A_Mighty_Wind
Joel_and_Ethan_Coen,24600000,Drama,36000000,7000000,Y,0.91,0.94,Gramercy,Fargo
Stephen_Gaghan,10700000,Comedy_-_Musical,1574536,25000000,N,0.36,0.17,Paramount,Abandon
Stephan_Elliott,16500000,Comedy_-_Musical,1088919,35000000,N,0.33,0.09,Destination,Eye_of_the_Beholder
Doug_McHenry,23200000,Comedy_-_Musical,146400,7000000,N,0.65,0.28,Fox,Kingdom_Come
Joel_and_Ethan_Coen,9228768,Comedy_-_Musical,22200000,0,Y,0.65,0.89,Focus,A_Serious_Man
Kirk_Jones,41200000,Comedy_-_Musical,43200000,40000000,N,0.48,0.22,Lionsgate,What_to_Expect_When_Youre_Expecting
John_Polson,28600000,Drama,5846245,10000000,N,0.36,0.14,Fox,SwimFan
Neil_LaBute,23600000,Thriller_-_Horror,15100000,40000000,N,0.27,0.15,WB,The_Wicker_Man
Neil_LaBute,39300000,Thriller_-_Horror,5390131,20000000,N,0.43,0.46,Sony,Lakeview_Terrace
Paul_Greengrass,107000000,Drama,111000000,55000000,Y,0.91,0.93,Sony,Captain_Phillips
M._Night_Shyamalan,294000000,Family_-_Animation,379000000,40000000,Y,0.87,0.85,Buena_Vista,The_Sixth_Sense
Kathryn_Bigelow,17000000,Action_-_Adventure,32200000,15000000,Y,0.83,0.97,Summit,The_Hurt_Locker
David_Slade,301000000,Drama,398000000,68000000,N,0.74,0.49,Summit,The_Twilight_Saga:_Eclipse
Martin_Campbell,46500000,Action_-_Adventure,95900000,75000000,N,0.61,0.26,Sony,The_Legend_of_Zorro
Michael_Haneke,8900000,Drama,6739000,13100000,Y,0.82,0.93,Sony,Amour
Christian_Duguay,5711695,Drama,0,0,N,0.45,0.3,Sony,Screamers
David_O._Russell,132000000,Comedy_-_Musical,104000000,21000000,Y,0.86,0.92,Weinstein_Company,Silver_Linings_Playbook
Kimberly_Peirce,11500000,Action_-_Adventure,0,2000000,N,0.84,0.88,Fox,Boys_Dont_Cry
Paul_Weiland,46000000,Comedy_-_Musical,60000000,40000000,N,0.61,0.14,Sony,Made_of_Honor
Bennett_Miller,75600000,Drama,34600000,50000000,Y,0.86,0.95,Sony,Moneyball
Spike_Jonze,23200000,Drama,524000,0,Y,0.85,0.94,WB,Her
Albert_Brooks,19100000,Thriller_-_Horror,0,0,N,0.63,0.91,Paramount,Mother
Peter_Hastings,17000000,Action_-_Adventure,1021272,35000000,N,0.38,0.3,Buena_Vista,The_Country_Bears
Jonathan_Liebesman,39500000,Thriller_-_Horror,12200000,16000000,N,0.64,0.12,New_Line,The_Texas_Chainsaw_Massacre:_The_Beginning
Julie_Anne_Robinson,63000000,Drama,26100000,20000000,N,0.65,0.19,Buena_Vista,The_Last_Song
Sam_Mendes,9451946,Comedy_-_Musical,5447471,17000000,N,0.73,0.67,Focus,Away_We_Go
Andrew_Davis,67400000,Comedy_-_Musical,4000000,20000000,N,0.72,0.77,Buena_Vista,Holes
Vicky_Jenson,161000000,Family_-_Animation,206000000,75000000,N,0.59,0.36,Dreamworks,Shark_Tale
James_Wan,9534258,Thriller_-_Horror,7440201,0,N,0.62,0.2,Fox,Death_Sentence
Paul_Haggis,54600000,Drama,43800000,6500000,Y,0,0.76,Lionsgate,Crash
Gary_Fleder,20200000,Action_-_Adventure,11200000,22000000,N,0.64,0.41,Open_Road_Films,Homefront
Nancy_Meyers,66300000,Drama,25800000,0,N,0.67,0.85,Buena_Vista,The_Parent_Trap
Kevin_Tancharoen,22500000,Drama,54800000,18000000,N,0.42,0.25,MGM,Fame
Todd_Field,35900000,Action_-_Adventure,7438175,1700000,Y,0.78,0.93,Miramax,In_the_Bedroom
Donald_Petrie,12800000,Thriller_-_Horror,0,0,N,0.53,0.28,Buena_Vista,The_Associate
Baz_Luhrmann,57400000,Drama,122000000,50000000,Y,0.88,0.76,Fox,Moulin_Rouge!
Gina_Prince-Bythewood,37800000,Drama,2177160,11000000,N,0.78,0.58,Fox,The_Secret_Life_of_Bees
Alfonso_Cuar¢n,26400000,Comedy_-_Musical,29100000,0,N,0.75,0.38,Fox,Great_Expectations
Peter_Cornwell,55400000,Thriller_-_Horror,22100000,0,N,0.51,0.17,Lionsgate,The_Haunting_in_Connecticut
Richard_Donner,130000000,Family_-_Animation,155000000,140000000,N,0.7,0.52,WB,Lethal_Weapon_4
Andrew_Douglas,65200000,Thriller_-_Horror,42800000,19000000,N,0.64,0.24,MGM,The_Amityville_Horror
Paul_W._S._Anderson,14600000,Action_-_Adventure,0,60000000,N,0.45,0.1,WB,Soldier
Steve_McQueen,48400000,Drama,61200000,20000000,Y,0.92,0.96,Fox_Searchlight,12_Years_a_Slave
Shekhar_Kapur,30100000,Drama,52100000,30000000,Y,0.85,0.82,Gramercy,Elizabeth
Oliver_Stone,25500000,Drama,3971971,25100000,N,0.42,0.59,Lionsgate,W.
Ang_Lee,128000000,Drama,85400000,17000000,Y,0.81,0.97,Sony,"Crouching_Tiger,_Hidden_Dragon"
James_McTeigue,16000000,Thriller_-_Horror,13600000,26000000,N,0.46,0.23,Relativity,The_Raven
Jason_Friedberg,36700000,Comedy_-_Musical,43900000,20000000,N,0.31,0.04,Fox,Vampires_Suck
George_Clooney,31600000,Drama,23100000,7000000,Y,0.73,0.93,Warner_Independent,"Good_Night,_and_Good_Luck"
Taylor_Hackford,75300000,Drama,49400000,40000000,Y,0.87,0.81,Universal,Ray
Ron_Howard,171000000,Drama,143000000,58000000,Y,0.91,0.78,Universal,A_Beautiful_Mind
Ryan_Coogler,16100000,Drama,924000,0,N,0.89,0.94,Weinstein_Company,Fruitvale_Station
Ang_Lee,125000000,Action_-_Adventure,484000000,120000000,Y,0.85,0.87,Fox,Life_of_Pi
"Evan_Goldberg,_Seth_Rogen",101000000,Comedy_-_Musical,24000000,32000000,N,0.73,0.83,Sony,This_is_the_End
Zack_Snyder,108000000,Action_-_Adventure,77700000,130000000,N,0.68,0.64,WB,Watchmen
